{"name": ["183055.png", "157032.png"], "recall": [0.8610580935606483, 0.8391765483616889], "recall2": [0.7422696302093004, 0.7229787951750438], "precision": [0.14373127489337706, 0.18679551436916308], "density": [0.1837488099170342, 0.1796167123269927], "undersegmentation": [0.05475353138904541, 0.09972733337219318], "undersegmentationNP": [0.10456538493921672, 0.1898251954326721], "compactness": [0.435690541230401, 0.39922264453798234]}